,userId,movieId,rating,timestamp,date
0,240712,2712,4.0,1514678417,2017-12-31 00:00:17
1,240712,3481,3.5,1514678421,2017-12-31 00:00:21
2,240712,3052,3.5,1514678425,2017-12-31 00:00:25
3,240712,4034,2.5,1514678433,2017-12-31 00:00:33
4,240712,3948,1.5,1514678439,2017-12-31 00:00:39
5,240712,2617,1.0,1514678440,2017-12-31 00:00:40
6,147847,1196,0.5,1514678444,2017-12-31 00:00:44
7,147847,260,0.5,1514678447,2017-12-31 00:00:47
8,240712,5618,4.0,1514678449,2017-12-31 00:00:49
9,240712,3949,3.5,1514678453,2017-12-31 00:00:53
10,147847,318,5.0,1514678455,2017-12-31 00:00:55
11,147847,1198,0.5,1514678457,2017-12-31 00:00:57
12,147847,1291,0.5,1514678459,2017-12-31 00:00:59
13,240712,3623,1.5,1514678459,2017-12-31 00:00:59
14,147847,1210,0.5,1514678460,2017-12-31 00:01:00
15,240712,3751,3.0,1514678461,2017-12-31 00:01:01
16,240712,3977,1.5,1514678462,2017-12-31 00:01:02
17,147847,1036,0.5,1514678466,2017-12-31 00:01:06
18,147847,589,0.5,1514678469,2017-12-31 00:01:09
19,240712,2700,3.5,1514678469,2017-12-31 00:01:09
20,240712,3994,3.5,1514678471,2017-12-31 00:01:11
21,240712,2006,2.5,1514678475,2017-12-31 00:01:15
22,240712,2353,3.5,1514678478,2017-12-31 00:01:18
23,147847,182823,3.0,1514678481,2017-12-31 00:01:21
24,68632,56775,2.0,1514678484,2017-12-31 00:01:24
25,240712,1777,3.0,1514678485,2017-12-31 00:01:25
26,147847,231,2.5,1514678488,2017-12-31 00:01:28
27,240712,2395,4.0,1514678491,2017-12-31 00:01:31
28,240712,2273,2.0,1514678510,2017-12-31 00:01:50
29,240712,3717,2.0,1514678511,2017-12-31 00:01:51
30,68632,5785,2.0,1514678516,2017-12-31 00:01:56
31,240712,4018,1.5,1514678517,2017-12-31 00:01:57
32,240712,3535,3.5,1514678525,2017-12-31 00:02:05
33,240712,2278,3.5,1514678527,2017-12-31 00:02:07
34,240712,3785,1.0,1514678529,2017-12-31 00:02:09
35,240712,2694,1.5,1514678535,2017-12-31 00:02:15
36,240712,2770,1.0,1514678537,2017-12-31 00:02:17
37,240712,4270,1.0,1514678542,2017-12-31 00:02:22
38,240712,4718,0.5,1514678545,2017-12-31 00:02:25
39,68632,46970,2.0,1514678557,2017-12-31 00:02:37
40,240712,4776,3.0,1514678560,2017-12-31 00:02:40
41,68632,6659,2.0,1514678560,2017-12-31 00:02:40
42,68632,2088,3.0,1514678565,2017-12-31 00:02:45
43,240712,4975,3.0,1514678568,2017-12-31 00:02:48
44,240712,3752,3.0,1514678571,2017-12-31 00:02:51
45,68632,605,3.5,1514678575,2017-12-31 00:02:55
46,240712,1921,3.5,1514678579,2017-12-31 00:02:59
47,240712,4816,3.0,1514678588,2017-12-31 00:03:08
49,68632,6586,2.0,1514678595,2017-12-31 00:03:15
48,240712,2541,2.5,1514678595,2017-12-31 00:03:15
50,68632,2474,3.5,1514678597,2017-12-31 00:03:17
51,39986,102800,4.0,1514678601,2017-12-31 00:03:21
52,39986,33880,4.0,1514678608,2017-12-31 00:03:28
53,240712,3174,4.0,1514678623,2017-12-31 00:03:43
54,88042,176599,4.0,1514678624,2017-12-31 00:03:44
55,240712,3301,3.0,1514678642,2017-12-31 00:04:02
56,240712,4874,1.5,1514678644,2017-12-31 00:04:04
57,240712,3617,1.0,1514678653,2017-12-31 00:04:13
58,240712,2881,2.0,1514678656,2017-12-31 00:04:16
59,68632,3259,3.0,1514678659,2017-12-31 00:04:19
60,240712,2722,1.0,1514678660,2017-12-31 00:04:20
61,240712,2501,2.0,1514678662,2017-12-31 00:04:22
62,240712,1805,2.0,1514678663,2017-12-31 00:04:23
63,68632,3861,3.5,1514678664,2017-12-31 00:04:24
64,240712,1831,1.0,1514678672,2017-12-31 00:04:32
65,240712,1680,3.0,1514678675,2017-12-31 00:04:35
66,240712,3555,2.0,1514678677,2017-12-31 00:04:37
67,240712,2908,2.0,1514678681,2017-12-31 00:04:41
68,240712,4148,3.0,1514678685,2017-12-31 00:04:45
69,179605,127136,4.5,1514678691,2017-12-31 00:04:51
70,240712,3300,2.0,1514678692,2017-12-31 00:04:52
71,240712,2580,3.0,1514678694,2017-12-31 00:04:54
72,240712,4239,3.5,1514678697,2017-12-31 00:04:57
73,240712,4638,1.0,1514678702,2017-12-31 00:05:02
74,240712,4223,3.5,1514678707,2017-12-31 00:05:07
75,68632,53123,4.0,1514678709,2017-12-31 00:05:09
76,240712,1912,3.0,1514678717,2017-12-31 00:05:17
77,240712,2826,2.0,1514678719,2017-12-31 00:05:19
78,68632,4974,0.5,1514678722,2017-12-31 00:05:22
79,236398,176101,2.0,1514678723,2017-12-31 00:05:23
80,240712,3409,1.0,1514678729,2017-12-31 00:05:29
82,275040,84236,5.0,1514678731,2017-12-31 00:05:31
81,147847,1200,2.5,1514678731,2017-12-31 00:05:31
83,147847,2571,3.5,1514678732,2017-12-31 00:05:32
84,240712,3285,3.0,1514678732,2017-12-31 00:05:32
85,147847,110,5.0,1514678734,2017-12-31 00:05:34
86,147847,457,3.0,1514678736,2017-12-31 00:05:36
87,147847,356,3.5,1514678737,2017-12-31 00:05:37
88,68632,1457,3.0,1514678737,2017-12-31 00:05:37
89,147847,2115,0.5,1514678739,2017-12-31 00:05:39
90,68632,8965,3.0,1514678739,2017-12-31 00:05:39
91,147847,1240,1.0,1514678740,2017-12-31 00:05:40
92,240712,4019,3.5,1514678743,2017-12-31 00:05:43
93,240712,1779,2.5,1514678748,2017-12-31 00:05:48
94,240712,2485,1.0,1514678754,2017-12-31 00:05:54
95,240712,3969,1.5,1514678757,2017-12-31 00:05:57
96,236398,122898,4.0,1514678759,2017-12-31 00:05:59
97,68632,112138,0.5,1514678759,2017-12-31 00:05:59
98,240712,1801,2.0,1514678764,2017-12-31 00:06:04
99,240712,2340,3.0,1514678774,2017-12-31 00:06:14
100,240712,4901,3.0,1514678777,2017-12-31 00:06:17
101,240712,3745,2.0,1514678779,2017-12-31 00:06:19
102,240712,4015,0.5,1514678780,2017-12-31 00:06:20
103,240712,4890,1.0,1514678783,2017-12-31 00:06:23
104,240712,1835,2.0,1514678785,2017-12-31 00:06:25
105,240712,2384,2.0,1514678790,2017-12-31 00:06:30
106,275040,126106,5.0,1514678791,2017-12-31 00:06:31
107,240712,1894,2.0,1514678794,2017-12-31 00:06:34
108,240712,4232,0.5,1514678803,2017-12-31 00:06:43
109,6884,56389,4.5,1514678803,2017-12-31 00:06:43
110,240712,4865,2.0,1514678809,2017-12-31 00:06:49
111,240712,2126,2.0,1514678810,2017-12-31 00:06:50
112,240712,4069,1.0,1514678812,2017-12-31 00:06:52
113,240712,3825,0.5,1514678814,2017-12-31 00:06:54
114,236398,162598,2.0,1514678820,2017-12-31 00:07:00
115,240712,3178,3.0,1514678821,2017-12-31 00:07:01
116,39986,89321,3.5,1514678826,2017-12-31 00:07:06
117,240712,4161,3.0,1514678827,2017-12-31 00:07:07
118,240712,3328,2.0,1514678830,2017-12-31 00:07:10
119,240712,3298,3.5,1514678838,2017-12-31 00:07:18
120,240712,3968,0.5,1514678841,2017-12-31 00:07:21
121,68632,5025,2.0,1514678847,2017-12-31 00:07:27
122,240712,3156,2.0,1514678850,2017-12-31 00:07:30
123,240712,3593,1.0,1514678854,2017-12-31 00:07:34
124,240712,2297,2.5,1514678861,2017-12-31 00:07:41
125,68632,7367,2.0,1514678863,2017-12-31 00:07:43
126,240712,4448,3.0,1514678866,2017-12-31 00:07:46
127,240712,4388,0.5,1514678868,2017-12-31 00:07:48
128,240712,3744,1.0,1514678869,2017-12-31 00:07:49
129,240712,2318,3.5,1514678872,2017-12-31 00:07:52
130,240712,3355,1.0,1514678878,2017-12-31 00:07:58
132,68632,2432,2.5,1514678882,2017-12-31 00:08:02
131,240712,4728,2.5,1514678882,2017-12-31 00:08:02
133,68632,6753,2.5,1514678884,2017-12-31 00:08:04
134,240712,1754,3.5,1514678892,2017-12-31 00:08:12
135,68632,72407,0.5,1514678893,2017-12-31 00:08:13
136,68632,87520,0.5,1514678894,2017-12-31 00:08:14
137,240712,2598,3.0,1514678895,2017-12-31 00:08:15
138,88042,83803,3.0,1514678895,2017-12-31 00:08:15
139,68632,3688,3.0,1514678898,2017-12-31 00:08:18
140,240712,5014,3.5,1514678900,2017-12-31 00:08:20
141,240712,3146,0.5,1514678903,2017-12-31 00:08:23
142,68632,55995,2.5,1514678909,2017-12-31 00:08:29
143,68632,76077,1.0,1514678911,2017-12-31 00:08:31
144,240712,2966,3.5,1514678927,2017-12-31 00:08:47
145,240712,3979,1.0,1514678931,2017-12-31 00:08:51
146,240712,3999,0.5,1514678938,2017-12-31 00:08:58
147,240712,4054,0.5,1514678939,2017-12-31 00:08:59
148,240712,4873,3.5,1514678947,2017-12-31 00:09:07
149,240712,3821,0.5,1514678948,2017-12-31 00:09:08
150,240712,4366,1.0,1514678955,2017-12-31 00:09:15
151,68632,51086,3.0,1514678955,2017-12-31 00:09:15
152,240712,1895,0.5,1514678958,2017-12-31 00:09:18
153,68632,53993,1.5,1514678960,2017-12-31 00:09:20
154,236398,4184,5.0,1514678965,2017-12-31 00:09:25
155,240712,2447,1.0,1514678966,2017-12-31 00:09:26
156,68632,1199,2.5,1514678975,2017-12-31 00:09:35
157,240712,1772,3.0,1514678977,2017-12-31 00:09:37
158,240712,2827,1.0,1514678978,2017-12-31 00:09:38
159,6884,7486,3.5,1514678978,2017-12-31 00:09:38
160,240712,2316,0.5,1514678981,2017-12-31 00:09:41
161,240712,4974,1.0,1514678986,2017-12-31 00:09:46
162,6884,47793,5.0,1514678986,2017-12-31 00:09:46
163,240712,4378,4.0,1514678993,2017-12-31 00:09:53
164,237764,78635,3.5,1514679021,2017-12-31 00:10:21
165,240712,4844,3.5,1514679031,2017-12-31 00:10:31
166,240712,3513,2.0,1514679039,2017-12-31 00:10:39
167,240712,3316,1.0,1514679049,2017-12-31 00:10:49
168,88042,3483,3.5,1514679049,2017-12-31 00:10:49
169,237764,152198,3.0,1514679056,2017-12-31 00:10:56
170,6884,50259,4.0,1514679056,2017-12-31 00:10:56
171,240712,3484,1.0,1514679058,2017-12-31 00:10:58
172,240712,3998,2.5,1514679060,2017-12-31 00:11:00
173,240712,4036,3.0,1514679074,2017-12-31 00:11:14
174,240712,2296,3.0,1514679081,2017-12-31 00:11:21
175,240712,4052,1.0,1514679100,2017-12-31 00:11:40
176,240712,4368,1.0,1514679101,2017-12-31 00:11:41
177,6884,96467,3.5,1514679112,2017-12-31 00:11:52
178,88042,122924,4.0,1514679123,2017-12-31 00:12:03
179,227524,173925,4.0,1514679132,2017-12-31 00:12:12
181,88042,60040,4.0,1514679138,2017-12-31 00:12:18
180,240712,3129,4.0,1514679138,2017-12-31 00:12:18
182,240712,2843,4.5,1514679164,2017-12-31 00:12:44
183,88042,152017,4.0,1514679200,2017-12-31 00:13:20
184,39986,110127,2.0,1514679210,2017-12-31 00:13:30
185,39986,176419,3.5,1514679212,2017-12-31 00:13:32
186,88042,105844,4.0,1514679217,2017-12-31 00:13:37
187,240712,4733,4.0,1514679232,2017-12-31 00:13:52
189,88042,63113,3.0,1514679237,2017-12-31 00:13:57
188,39986,89039,3.5,1514679237,2017-12-31 00:13:57
190,39986,167570,4.0,1514679261,2017-12-31 00:14:21
191,88042,61132,3.0,1514679262,2017-12-31 00:14:22
192,240712,5325,4.0,1514679285,2017-12-31 00:14:45
193,88042,90249,4.0,1514679291,2017-12-31 00:14:51
194,88042,51939,3.0,1514679304,2017-12-31 00:15:04
195,50350,171763,3.5,1514679310,2017-12-31 00:15:10
196,39986,85401,3.5,1514679377,2017-12-31 00:16:17
197,88042,33493,3.0,1514679380,2017-12-31 00:16:20
198,240712,109374,3.0,1514679439,2017-12-31 00:17:19
199,39986,160656,3.0,1514679458,2017-12-31 00:17:38
200,88042,2628,3.0,1514679468,2017-12-31 00:17:48
201,88042,5378,3.0,1514679468,2017-12-31 00:17:48
202,6884,95135,3.5,1514679537,2017-12-31 00:18:57
203,6884,103801,3.0,1514679542,2017-12-31 00:19:02
204,239003,1834,3.5,1514679580,2017-12-31 00:19:40
205,239003,1687,4.0,1514679599,2017-12-31 00:19:59
206,39986,3424,4.0,1514679611,2017-12-31 00:20:11
207,240712,56367,2.5,1514679616,2017-12-31 00:20:16
208,39986,107314,2.0,1514679635,2017-12-31 00:20:35
209,240712,88129,1.5,1514679636,2017-12-31 00:20:36
210,240712,32587,2.5,1514679648,2017-12-31 00:20:48
211,88042,48516,4.5,1514679694,2017-12-31 00:21:34
212,39986,4649,4.0,1514679696,2017-12-31 00:21:36
213,239003,55278,4.5,1514679717,2017-12-31 00:21:57
214,88042,110127,3.5,1514679770,2017-12-31 00:22:50
215,39986,103596,4.0,1514679799,2017-12-31 00:23:19
216,88042,55995,2.0,1514679811,2017-12-31 00:23:31
217,39986,91490,4.0,1514679815,2017-12-31 00:23:35
218,88042,111743,2.0,1514679837,2017-12-31 00:23:57
219,39986,114242,4.0,1514679844,2017-12-31 00:24:04
220,39986,136305,4.0,1514679845,2017-12-31 00:24:05
221,70836,4019,4.0,1514679852,2017-12-31 00:24:12
222,39986,152336,4.0,1514679856,2017-12-31 00:24:16
223,39986,96923,4.0,1514679871,2017-12-31 00:24:31
224,39986,149676,4.0,1514679872,2017-12-31 00:24:32
225,39986,145056,4.0,1514679874,2017-12-31 00:24:34
226,39986,153941,4.0,1514679882,2017-12-31 00:24:42
227,39986,148422,4.0,1514679895,2017-12-31 00:24:55
228,240712,49530,1.5,1514679924,2017-12-31 00:25:24
229,240712,733,3.5,1514679927,2017-12-31 00:25:27
230,240712,84152,3.0,1514679941,2017-12-31 00:25:41
231,240712,79592,3.5,1514679945,2017-12-31 00:25:45
232,240712,1101,3.5,1514679949,2017-12-31 00:25:49
233,240712,7147,3.5,1514679951,2017-12-31 00:25:51
234,240712,2012,3.0,1514679957,2017-12-31 00:25:57
235,240712,92507,3.0,1514679960,2017-12-31 00:26:00
236,240712,454,3.0,1514679963,2017-12-31 00:26:03
237,240712,2058,3.0,1514679970,2017-12-31 00:26:10
238,240712,592,3.5,1514679975,2017-12-31 00:26:15
239,240712,6708,3.5,1514679980,2017-12-31 00:26:20
240,240712,81229,3.5,1514679984,2017-12-31 00:26:24
241,240712,96079,3.0,1514679989,2017-12-31 00:26:29
242,240712,5418,3.5,1514680005,2017-12-31 00:26:45
243,240712,350,2.5,1514680012,2017-12-31 00:26:52
244,240712,8784,2.5,1514680015,2017-12-31 00:26:55
245,240712,160980,3.0,1514680017,2017-12-31 00:26:57
246,240712,648,3.5,1514680021,2017-12-31 00:27:01
247,240712,99112,1.5,1514680032,2017-12-31 00:27:12
248,240712,494,3.0,1514680041,2017-12-31 00:27:21
249,240712,89745,2.5,1514680047,2017-12-31 00:27:27
250,176729,1754,3.5,1514680050,2017-12-31 00:27:30
251,240712,93510,2.0,1514680052,2017-12-31 00:27:32
252,240712,1385,3.5,1514680071,2017-12-31 00:27:51
253,240712,368,3.0,1514680072,2017-12-31 00:27:52
254,240712,2411,3.5,1514680077,2017-12-31 00:27:57
255,39986,5502,2.5,1514680078,2017-12-31 00:27:58
256,240712,4022,3.0,1514680080,2017-12-31 00:28:00
257,39986,8783,2.5,1514680080,2017-12-31 00:28:00
258,240712,161131,3.5,1514680082,2017-12-31 00:28:02
259,240712,1573,3.5,1514680084,2017-12-31 00:28:04
260,39986,4720,3.0,1514680086,2017-12-31 00:28:06
261,240712,1597,3.5,1514680088,2017-12-31 00:28:08
262,39986,480,3.0,1514680088,2017-12-31 00:28:08
263,240712,8665,2.5,1514680095,2017-12-31 00:28:15
264,39986,6539,3.0,1514680097,2017-12-31 00:28:17
265,240712,1100,3.5,1514680103,2017-12-31 00:28:23
266,240712,1645,3.5,1514680104,2017-12-31 00:28:24
267,240712,106916,2.5,1514680107,2017-12-31 00:28:27
268,240712,27831,3.0,1514680115,2017-12-31 00:28:35
269,240712,166528,2.0,1514680119,2017-12-31 00:28:39
270,240712,103228,3.0,1514680129,2017-12-31 00:28:49
271,240712,2402,3.0,1514680133,2017-12-31 00:28:53
272,88042,69481,3.0,1514680136,2017-12-31 00:28:56
273,88042,2716,3.0,1514680175,2017-12-31 00:29:35
274,88042,103042,4.0,1514680195,2017-12-31 00:29:55
275,88042,8533,1.5,1514680213,2017-12-31 00:30:13
276,88042,60126,3.5,1514680245,2017-12-31 00:30:45
277,39986,179133,4.0,1514680274,2017-12-31 00:31:14
278,88042,70305,3.0,1514680322,2017-12-31 00:32:02
279,39986,105355,4.0,1514680325,2017-12-31 00:32:05
280,88042,103810,3.0,1514680326,2017-12-31 00:32:06
281,88042,112183,2.5,1514680337,2017-12-31 00:32:17
282,88042,116887,4.0,1514680341,2017-12-31 00:32:21
283,88042,108190,3.5,1514680371,2017-12-31 00:32:51
284,230064,94,2.0,1514680373,2017-12-31 00:32:53
285,88042,3489,4.5,1514680397,2017-12-31 00:33:17
286,88042,77866,3.0,1514680416,2017-12-31 00:33:36
287,88042,104211,3.5,1514680447,2017-12-31 00:34:07
288,88042,4621,3.5,1514680454,2017-12-31 00:34:14
289,88042,1721,4.5,1514680465,2017-12-31 00:34:25
290,88042,2273,4.0,1514680471,2017-12-31 00:34:31
291,88042,40851,3.5,1514680479,2017-12-31 00:34:39
292,88042,6373,3.5,1514680498,2017-12-31 00:34:58
293,88042,317,4.5,1514680516,2017-12-31 00:35:16
294,88042,109578,4.0,1514680545,2017-12-31 00:35:45
295,88042,4701,3.5,1514680545,2017-12-31 00:35:45
296,8208,2788,4.0,1514680609,2017-12-31 00:36:49
297,84535,1784,4.0,1514680637,2017-12-31 00:37:17
298,169308,168492,5.0,1514680731,2017-12-31 00:38:51
299,88042,53972,3.0,1514680757,2017-12-31 00:39:17
300,243121,7451,4.0,1514680789,2017-12-31 00:39:49
301,243121,111360,4.0,1514680792,2017-12-31 00:39:52
302,169308,2571,4.0,1514680825,2017-12-31 00:40:25
303,88042,103249,2.5,1514680843,2017-12-31 00:40:43
304,240096,111,3.5,1514680846,2017-12-31 00:40:46
305,275040,48385,5.0,1514680847,2017-12-31 00:40:47
306,169308,147376,5.0,1514680853,2017-12-31 00:40:53
307,243121,104211,4.0,1514680861,2017-12-31 00:41:01
308,169308,106642,5.0,1514680863,2017-12-31 00:41:03
309,243121,84374,4.0,1514680866,2017-12-31 00:41:06
310,141453,143387,2.0,1514680875,2017-12-31 00:41:15
311,169308,174053,5.0,1514680877,2017-12-31 00:41:17
312,169308,176601,5.0,1514680883,2017-12-31 00:41:23
313,169308,60950,4.5,1514680897,2017-12-31 00:41:37
314,169308,19,0.5,1514680909,2017-12-31 00:41:49
315,88042,2078,3.5,1514680926,2017-12-31 00:42:06
316,169308,122916,2.5,1514680931,2017-12-31 00:42:11
317,88042,149406,3.5,1514680943,2017-12-31 00:42:23
318,67788,3354,2.5,1514680953,2017-12-31 00:42:33
319,88042,143245,3.5,1514680958,2017-12-31 00:42:38
320,52512,134368,3.0,1514680963,2017-12-31 00:42:43
321,88042,2124,3.0,1514680971,2017-12-31 00:42:51
322,67788,5254,1.5,1514680973,2017-12-31 00:42:53
323,169308,109487,5.0,1514680974,2017-12-31 00:42:54
324,169308,4993,4.5,1514680976,2017-12-31 00:42:56
325,169308,7153,4.5,1514680982,2017-12-31 00:43:02
326,169308,296,4.0,1514680985,2017-12-31 00:43:05
327,88042,2378,3.5,1514680990,2017-12-31 00:43:10
328,88042,63859,3.5,1514680998,2017-12-31 00:43:18
329,88042,8965,4.5,1514681007,2017-12-31 00:43:27
330,88042,58299,4.0,1514681009,2017-12-31 00:43:29
331,88042,167036,3.5,1514681016,2017-12-31 00:43:36
332,88042,142997,3.5,1514681019,2017-12-31 00:43:39
333,88042,2085,2.5,1514681031,2017-12-31 00:43:51
334,88042,53460,3.0,1514681036,2017-12-31 00:43:56
335,88042,101142,4.0,1514681041,2017-12-31 00:44:01
336,88042,117545,3.5,1514681048,2017-12-31 00:44:08
337,88042,95543,3.5,1514681054,2017-12-31 00:44:14
338,169308,2054,1.5,1514681076,2017-12-31 00:44:36
339,169308,91104,2.5,1514681082,2017-12-31 00:44:42
340,88042,105468,3.0,1514681091,2017-12-31 00:44:51
341,88042,26340,3.0,1514681097,2017-12-31 00:44:57
342,88042,64116,3.5,1514681107,2017-12-31 00:45:07
343,169308,1921,4.0,1514681109,2017-12-31 00:45:09
344,55577,136511,3.5,1514681111,2017-12-31 00:45:11
345,88042,128968,3.0,1514681120,2017-12-31 00:45:20
346,88042,48,2.5,1514681124,2017-12-31 00:45:24
347,169308,98203,2.5,1514681128,2017-12-31 00:45:28
348,88042,5804,3.0,1514681136,2017-12-31 00:45:36
349,169308,99917,5.0,1514681147,2017-12-31 00:45:47
350,88042,78637,3.5,1514681156,2017-12-31 00:45:56
351,169308,8914,5.0,1514681159,2017-12-31 00:45:59
352,88042,164200,3.0,1514681160,2017-12-31 00:46:00
353,169308,91505,4.5,1514681168,2017-12-31 00:46:08
354,169308,79132,3.0,1514681179,2017-12-31 00:46:19
355,169308,5952,4.5,1514681181,2017-12-31 00:46:21
356,169308,260,2.0,1514681185,2017-12-31 00:46:25
357,88042,2,4.5,1514681186,2017-12-31 00:46:26
358,169308,99114,4.0,1514681189,2017-12-31 00:46:29
359,169308,1704,4.0,1514681193,2017-12-31 00:46:33
360,88042,91414,3.5,1514681197,2017-12-31 00:46:37
361,169308,48385,2.0,1514681204,2017-12-31 00:46:44
362,88042,95105,4.0,1514681204,2017-12-31 00:46:44
363,169308,54001,3.5,1514681206,2017-12-31 00:46:46
364,169308,33679,1.5,1514681209,2017-12-31 00:46:49
365,88042,40339,3.5,1514681211,2017-12-31 00:46:51
366,169308,49530,0.5,1514681212,2017-12-31 00:46:52
367,66338,5989,4.5,1514681213,2017-12-31 00:46:53
368,88042,48414,3.5,1514681215,2017-12-31 00:46:55
369,65670,5639,3.0,1514681216,2017-12-31 00:46:56
370,88042,36397,3.0,1514681228,2017-12-31 00:47:08
371,88042,91386,3.0,1514681236,2017-12-31 00:47:16
372,282328,170697,4.5,1514681240,2017-12-31 00:47:20
373,88042,26999,3.0,1514681246,2017-12-31 00:47:26
374,282328,953,4.5,1514681278,2017-12-31 00:47:58
375,88042,76301,2.5,1514681283,2017-12-31 00:48:03
376,88042,110781,2.5,1514681295,2017-12-31 00:48:15
377,88042,72701,3.0,1514681310,2017-12-31 00:48:30
378,88042,3624,3.5,1514681333,2017-12-31 00:48:53
379,88042,55999,3.0,1514681338,2017-12-31 00:48:58
380,88042,26183,3.0,1514681345,2017-12-31 00:49:05
381,88042,47124,3.0,1514681348,2017-12-31 00:49:08
382,88042,27619,3.5,1514681361,2017-12-31 00:49:21
383,88042,26529,3.0,1514681366,2017-12-31 00:49:26
384,88042,136331,3.0,1514681384,2017-12-31 00:49:44
385,88042,170957,3.5,1514681385,2017-12-31 00:49:45
386,88042,91355,3.5,1514681397,2017-12-31 00:49:57
387,88042,104419,3.5,1514681435,2017-12-31 00:50:35
388,88042,55768,4.0,1514681455,2017-12-31 00:50:55
389,88042,87876,3.0,1514681477,2017-12-31 00:51:17
390,88042,26160,3.0,1514681493,2017-12-31 00:51:33
391,88042,19,2.5,1514681548,2017-12-31 00:52:28
392,88042,113378,4.0,1514681556,2017-12-31 00:52:36
393,88042,67923,3.0,1514681605,2017-12-31 00:53:25
394,88042,3247,3.0,1514681608,2017-12-31 00:53:28
395,88042,100611,3.0,1514681621,2017-12-31 00:53:41
396,88042,85261,3.0,1514681642,2017-12-31 00:54:02
397,88042,157340,3.0,1514681683,2017-12-31 00:54:43
398,236710,4677,5.0,1514681710,2017-12-31 00:55:10
399,88042,102720,2.5,1514681732,2017-12-31 00:55:32
400,88042,47264,4.5,1514681755,2017-12-31 00:55:55
401,88042,65435,3.0,1514681759,2017-12-31 00:55:59
402,88042,87105,3.0,1514681789,2017-12-31 00:56:29
403,88042,104245,2.5,1514681791,2017-12-31 00:56:31
404,88042,130075,4.0,1514681810,2017-12-31 00:56:50
405,88042,141166,4.0,1514681814,2017-12-31 00:56:54
406,88042,135436,3.5,1514681851,2017-12-31 00:57:31
407,88042,367,4.0,1514681853,2017-12-31 00:57:33
408,88042,8372,4.0,1514681873,2017-12-31 00:57:53
409,88042,2092,4.0,1514681875,2017-12-31 00:57:55
410,88042,72294,4.0,1514681887,2017-12-31 00:58:07
411,88042,2706,3.0,1514681897,2017-12-31 00:58:17
412,88042,117895,3.0,1514681905,2017-12-31 00:58:25
413,212160,2644,4.0,1514681936,2017-12-31 00:58:56
414,88042,46337,3.5,1514681940,2017-12-31 00:59:00
415,88042,2291,3.0,1514681947,2017-12-31 00:59:07
416,88042,54648,3.5,1514681951,2017-12-31 00:59:11
417,88042,106240,2.5,1514681986,2017-12-31 00:59:46
418,88042,110130,3.0,1514681993,2017-12-31 00:59:53
419,88042,118173,3.5,1514682006,2017-12-31 01:00:06
420,88042,161354,3.0,1514682009,2017-12-31 01:00:09
421,88042,86298,3.5,1514682020,2017-12-31 01:00:20
422,88042,49274,3.5,1514682033,2017-12-31 01:00:33
423,88042,2617,3.5,1514682037,2017-12-31 01:00:37
424,234928,169302,4.0,1514682073,2017-12-31 01:01:13
425,88042,50162,4.0,1514682097,2017-12-31 01:01:37
426,88042,27253,3.5,1514682109,2017-12-31 01:01:49
427,88042,74789,3.5,1514682135,2017-12-31 01:02:15
428,88042,88468,2.5,1514682144,2017-12-31 01:02:24
429,88042,96405,2.5,1514682160,2017-12-31 01:02:40
430,88042,108501,3.5,1514682237,2017-12-31 01:03:57
431,88042,82169,3.5,1514682248,2017-12-31 01:04:08
432,88042,140707,3.0,1514682258,2017-12-31 01:04:18
433,88042,85268,2.5,1514682271,2017-12-31 01:04:31
434,234928,134393,3.0,1514682289,2017-12-31 01:04:49
435,88042,154268,3.5,1514682297,2017-12-31 01:04:57
436,88042,6156,3.5,1514682315,2017-12-31 01:05:15
437,88042,95067,3.5,1514682344,2017-12-31 01:05:44
438,88042,60397,4.0,1514682383,2017-12-31 01:06:23
439,104830,88810,4.0,1514682403,2017-12-31 01:06:43
440,88042,158872,2.5,1514682425,2017-12-31 01:07:05
441,104830,86833,4.0,1514682458,2017-12-31 01:07:38
442,88042,8974,3.5,1514682471,2017-12-31 01:07:51
443,217359,179819,3.0,1514682482,2017-12-31 01:08:02
444,88042,52435,3.0,1514682497,2017-12-31 01:08:17
445,88042,111113,3.0,1514682533,2017-12-31 01:08:53
446,88042,88345,4.0,1514682556,2017-12-31 01:09:16
447,113232,26076,3.5,1514682562,2017-12-31 01:09:22
448,88042,95441,4.0,1514682562,2017-12-31 01:09:22
449,88042,90522,4.0,1514682571,2017-12-31 01:09:31
450,88042,130520,2.5,1514682582,2017-12-31 01:09:42
451,88042,158,3.0,1514682591,2017-12-31 01:09:51
452,188066,4625,2.5,1514682617,2017-12-31 01:10:17
453,134596,141440,3.0,1514682620,2017-12-31 01:10:20
454,88042,3964,4.0,1514682678,2017-12-31 01:11:18
455,117682,39381,4.5,1514682683,2017-12-31 01:11:23
456,88042,80615,3.0,1514682691,2017-12-31 01:11:31
457,274452,71535,4.0,1514682727,2017-12-31 01:12:07
458,247188,89492,3.5,1514682783,2017-12-31 01:13:03
459,88042,63992,1.0,1514682804,2017-12-31 01:13:24
460,117682,134881,4.0,1514682813,2017-12-31 01:13:33
461,117682,3742,3.5,1514682821,2017-12-31 01:13:41
462,88042,51077,4.0,1514682866,2017-12-31 01:14:26
463,88042,59900,3.0,1514682883,2017-12-31 01:14:43
464,114728,104944,5.0,1514682889,2017-12-31 01:14:49
465,88042,53993,3.5,1514682890,2017-12-31 01:14:50
466,88042,2797,3.5,1514682968,2017-12-31 01:16:08
467,88042,7293,4.0,1514683014,2017-12-31 01:16:54
468,88042,88405,3.5,1514683021,2017-12-31 01:17:01
469,88042,4018,4.0,1514683034,2017-12-31 01:17:14
470,88042,33836,3.0,1514683038,2017-12-31 01:17:18
471,88042,30825,3.0,1514683044,2017-12-31 01:17:24
472,88042,1380,3.0,1514683048,2017-12-31 01:17:28
473,88042,6586,3.0,1514683093,2017-12-31 01:18:13
474,88042,4718,3.0,1514683106,2017-12-31 01:18:26
475,88042,788,3.0,1514683115,2017-12-31 01:18:35
476,88042,82202,3.5,1514683139,2017-12-31 01:18:59
477,88042,4368,3.5,1514683150,2017-12-31 01:19:10
478,88042,82852,3.0,1514683170,2017-12-31 01:19:30
479,88042,3821,3.0,1514683201,2017-12-31 01:20:01
480,88042,72407,1.0,1514683206,2017-12-31 01:20:06
481,88042,78772,1.0,1514683208,2017-12-31 01:20:08
482,88042,91104,1.0,1514683211,2017-12-31 01:20:11
483,88042,98203,1.0,1514683214,2017-12-31 01:20:14
484,88042,125916,1.0,1514683217,2017-12-31 01:20:17
485,162015,135143,3.5,1514683243,2017-12-31 01:20:43
486,88042,130073,3.0,1514683320,2017-12-31 01:22:00
487,275841,179881,2.0,1514683329,2017-12-31 01:22:09
488,275841,179491,2.5,1514683335,2017-12-31 01:22:15
489,88042,1479,4.0,1514683380,2017-12-31 01:23:00
490,88042,148956,1.5,1514683393,2017-12-31 01:23:13
491,88042,104863,3.5,1514683416,2017-12-31 01:23:36
492,88042,74275,0.5,1514683448,2017-12-31 01:24:08
493,88042,74754,1.5,1514683481,2017-12-31 01:24:41
494,59192,180987,3.0,1514683573,2017-12-31 01:26:13
495,59192,168,3.0,1514683641,2017-12-31 01:27:21
496,88042,122898,4.5,1514683644,2017-12-31 01:27:24
497,88042,136864,4.5,1514683660,2017-12-31 01:27:40
498,42997,373,4.0,1514683731,2017-12-31 01:28:51
499,271857,5994,3.0,1514683865,2017-12-31 01:31:05
500,22947,165831,3.5,1514683870,2017-12-31 01:31:10
501,22947,137062,3.5,1514683895,2017-12-31 01:31:35
502,22947,134945,3.5,1514683896,2017-12-31 01:31:36
503,59192,2724,3.0,1514683911,2017-12-31 01:31:51
504,22947,144348,3.5,1514683920,2017-12-31 01:32:00
505,59192,2490,3.0,1514683932,2017-12-31 01:32:12
506,122691,122886,2.5,1514683977,2017-12-31 01:32:57
507,243121,103655,4.0,1514684153,2017-12-31 01:35:53
508,113232,58964,3.5,1514684341,2017-12-31 01:39:01
509,102614,102800,4.0,1514684357,2017-12-31 01:39:17
510,102614,1210,4.5,1514684400,2017-12-31 01:40:00
511,102614,166528,4.0,1514684503,2017-12-31 01:41:43
512,2025,179401,3.0,1514684878,2017-12-31 01:47:58
513,23649,83369,5.0,1514684968,2017-12-31 01:49:28
514,113232,4326,4.0,1514684995,2017-12-31 01:49:55
515,257888,160700,3.0,1514685144,2017-12-31 01:52:24
516,121859,93840,4.0,1514685156,2017-12-31 01:52:36
517,121859,48304,4.0,1514685160,2017-12-31 01:52:40
518,121859,182823,3.0,1514685167,2017-12-31 01:52:47
519,274452,71464,3.5,1514685192,2017-12-31 01:53:12
520,236398,170697,3.5,1514685587,2017-12-31 01:59:47
521,203516,180031,4.0,1514685640,2017-12-31 02:00:40
522,39986,113829,3.5,1514685783,2017-12-31 02:03:03
523,126180,318,4.0,1514685814,2017-12-31 02:03:34
524,126180,858,4.5,1514685816,2017-12-31 02:03:36
525,126180,2959,4.0,1514685823,2017-12-31 02:03:43
526,39986,170629,3.5,1514685823,2017-12-31 02:03:43
527,126180,296,4.5,1514685827,2017-12-31 02:03:47
528,126180,356,4.0,1514685842,2017-12-31 02:04:02
529,126180,527,3.5,1514685863,2017-12-31 02:04:23
530,126180,1193,4.5,1514685885,2017-12-31 02:04:45
531,126180,1213,3.5,1514685889,2017-12-31 02:04:49
532,126180,112552,5.0,1514685890,2017-12-31 02:04:50
533,126180,79132,3.5,1514685894,2017-12-31 02:04:54
534,126180,6016,4.5,1514685902,2017-12-31 02:05:02
535,126180,2858,3.5,1514685905,2017-12-31 02:05:05
536,126180,2329,4.0,1514685908,2017-12-31 02:05:08
537,126180,608,3.5,1514685922,2017-12-31 02:05:22
538,126180,1197,4.0,1514685925,2017-12-31 02:05:25
539,126180,1089,4.5,1514685929,2017-12-31 02:05:29
540,126180,1201,5.0,1514685932,2017-12-31 02:05:32
541,126180,750,4.5,1514685933,2017-12-31 02:05:33
542,39986,83293,4.0,1514685939,2017-12-31 02:05:39
543,126180,1732,4.0,1514686033,2017-12-31 02:07:13
544,39986,183135,3.5,1514686035,2017-12-31 02:07:15
545,126180,1266,5.0,1514686038,2017-12-31 02:07:18
546,126180,99114,3.5,1514686043,2017-12-31 02:07:23
547,126180,109487,3.0,1514686050,2017-12-31 02:07:30
548,126180,48516,3.5,1514686053,2017-12-31 02:07:33
549,126180,3949,4.0,1514686054,2017-12-31 02:07:34
550,126180,106782,4.5,1514686057,2017-12-31 02:07:37
551,126180,6874,3.0,1514686060,2017-12-31 02:07:40
552,126180,778,4.5,1514686073,2017-12-31 02:07:53
553,126180,260,3.5,1514686078,2017-12-31 02:07:58
554,126180,1247,4.0,1514686080,2017-12-31 02:08:00
555,126180,7438,3.0,1514686082,2017-12-31 02:08:02
556,126180,48774,5.0,1514686094,2017-12-31 02:08:14
557,126180,1704,4.0,1514686101,2017-12-31 02:08:21
558,126180,5989,4.0,1514686107,2017-12-31 02:08:27
559,126180,1307,3.0,1514686115,2017-12-31 02:08:35
560,126180,589,4.0,1514686125,2017-12-31 02:08:45
561,126180,1682,4.0,1514686128,2017-12-31 02:08:48
562,126180,4022,4.5,1514686135,2017-12-31 02:08:55
563,126180,46578,3.5,1514686142,2017-12-31 02:09:02
564,126180,30707,4.5,1514686148,2017-12-31 02:09:08
565,126180,150,3.5,1514686150,2017-12-31 02:09:10
566,126180,6870,3.5,1514686161,2017-12-31 02:09:21
567,126180,30812,3.0,1514686175,2017-12-31 02:09:35
568,126180,8361,2.5,1514686181,2017-12-31 02:09:41
569,126180,91529,4.0,1514686192,2017-12-31 02:09:52
570,47280,318,3.0,1514686193,2017-12-31 02:09:53
571,47280,858,4.5,1514686196,2017-12-31 02:09:56
572,126180,60069,4.0,1514686199,2017-12-31 02:09:59
573,47280,527,4.5,1514686200,2017-12-31 02:10:00
574,47280,50,4.0,1514686202,2017-12-31 02:10:02
575,47280,593,3.0,1514686208,2017-12-31 02:10:08
576,126180,4993,1.0,1514686211,2017-12-31 02:10:11
577,47280,2959,3.0,1514686211,2017-12-31 02:10:11
578,47280,1221,4.5,1514686215,2017-12-31 02:10:15
579,47280,296,4.5,1514686218,2017-12-31 02:10:18
580,47280,30749,4.0,1514686238,2017-12-31 02:10:38
581,126180,1079,3.0,1514686243,2017-12-31 02:10:43
582,47280,34405,4.0,1514686243,2017-12-31 02:10:43
583,47280,177615,5.0,1514686248,2017-12-31 02:10:48
584,47280,168250,4.5,1514686251,2017-12-31 02:10:51
585,47280,174055,4.0,1514686254,2017-12-31 02:10:54
586,47280,168252,3.5,1514686260,2017-12-31 02:11:00
587,126180,4034,3.0,1514686268,2017-12-31 02:11:08
588,47280,122916,3.0,1514686268,2017-12-31 02:11:08
589,126180,46723,4.0,1514686278,2017-12-31 02:11:18
590,126180,72998,1.5,1514686286,2017-12-31 02:11:26
591,126180,94864,3.0,1514686290,2017-12-31 02:11:30
592,47280,176371,3.0,1514686290,2017-12-31 02:11:30
593,47280,122918,2.5,1514686298,2017-12-31 02:11:38
594,47280,143355,3.5,1514686306,2017-12-31 02:11:46
595,47280,179819,3.0,1514686310,2017-12-31 02:11:50
596,126180,168250,4.0,1514686314,2017-12-31 02:11:54
597,39986,74275,3.5,1514686315,2017-12-31 02:11:55
598,47280,168266,3.0,1514686318,2017-12-31 02:11:58
599,95157,356,5.0,1514686323,2017-12-31 02:12:03
600,126180,93840,3.0,1514686325,2017-12-31 02:12:05
601,126180,56782,5.0,1514686328,2017-12-31 02:12:08
602,126180,33004,3.0,1514686338,2017-12-31 02:12:18
603,126180,117176,4.5,1514686341,2017-12-31 02:12:21
604,126180,8641,4.5,1514686345,2017-12-31 02:12:25
605,47280,169984,2.0,1514686347,2017-12-31 02:12:27
606,126180,8376,3.5,1514686349,2017-12-31 02:12:29
607,95157,51255,4.0,1514686349,2017-12-31 02:12:29
608,126180,2502,5.0,1514686356,2017-12-31 02:12:36
609,126180,81562,4.0,1514686366,2017-12-31 02:12:46
610,47280,750,4.5,1514686373,2017-12-31 02:12:53
611,126180,133771,4.5,1514686374,2017-12-31 02:12:54
612,47280,111,5.0,1514686376,2017-12-31 02:12:56
613,47280,164179,2.0,1514686380,2017-12-31 02:13:00
614,95157,3147,4.5,1514686380,2017-12-31 02:13:00
615,95157,2571,5.0,1514686388,2017-12-31 02:13:08
616,47280,1208,4.0,1514686390,2017-12-31 02:13:10
617,47280,5995,4.5,1514686393,2017-12-31 02:13:13
618,47280,924,4.5,1514686396,2017-12-31 02:13:16
619,126180,84954,2.5,1514686399,2017-12-31 02:13:19
620,47280,1196,5.0,1514686400,2017-12-31 02:13:20
621,126180,70,3.0,1514686405,2017-12-31 02:13:25
622,47280,2019,4.5,1514686405,2017-12-31 02:13:25
623,47280,1247,5.0,1514686409,2017-12-31 02:13:29
624,39986,145150,3.5,1514686411,2017-12-31 02:13:31
625,47280,608,4.0,1514686413,2017-12-31 02:13:33
626,47280,1222,4.0,1514686415,2017-12-31 02:13:35
627,126180,3252,2.5,1514686417,2017-12-31 02:13:37
628,47280,1206,4.5,1514686418,2017-12-31 02:13:38
629,47280,1258,4.5,1514686420,2017-12-31 02:13:40
630,126180,64716,2.5,1514686426,2017-12-31 02:13:46
631,95157,116797,4.5,1514686432,2017-12-31 02:13:52
632,95157,1246,5.0,1514686436,2017-12-31 02:13:56
633,126180,98961,2.5,1514686442,2017-12-31 02:14:02
634,126180,52328,4.0,1514686454,2017-12-31 02:14:14
635,95157,74458,4.5,1514686464,2017-12-31 02:14:24
636,163733,99992,2.5,1514686467,2017-12-31 02:14:27
637,126180,63072,4.0,1514686472,2017-12-31 02:14:32
638,126180,159415,5.0,1514686480,2017-12-31 02:14:40
639,47280,1732,5.0,1514686483,2017-12-31 02:14:43
640,47280,7153,2.0,1514686489,2017-12-31 02:14:49
641,47280,4848,5.0,1514686490,2017-12-31 02:14:50
642,47280,1198,5.0,1514686493,2017-12-31 02:14:53
643,47280,1291,5.0,1514686494,2017-12-31 02:14:54
644,39986,36535,4.0,1514686501,2017-12-31 02:15:01
646,47280,81845,3.0,1514686503,2017-12-31 02:15:03
645,126180,6807,4.0,1514686503,2017-12-31 02:15:03
647,95157,608,5.0,1514686504,2017-12-31 02:15:04
648,47280,778,4.5,1514686510,2017-12-31 02:15:10
649,239003,3044,3.5,1514686521,2017-12-31 02:15:21
650,47280,1387,3.5,1514686532,2017-12-31 02:15:32
651,95157,6870,4.0,1514686532,2017-12-31 02:15:32
652,47280,4878,3.5,1514686535,2017-12-31 02:15:35
653,47280,1954,4.0,1514686541,2017-12-31 02:15:41
654,47280,1084,3.0,1514686548,2017-12-31 02:15:48
655,95157,4878,5.0,1514686548,2017-12-31 02:15:48
656,126180,168266,3.5,1514686550,2017-12-31 02:15:50
657,95157,6377,3.0,1514686555,2017-12-31 02:15:55
658,47280,2542,4.0,1514686565,2017-12-31 02:16:05
659,47280,2324,3.0,1514686572,2017-12-31 02:16:12
660,126180,107348,2.5,1514686577,2017-12-31 02:16:17
661,47280,2028,2.5,1514686581,2017-12-31 02:16:21
662,126180,3362,3.5,1514686583,2017-12-31 02:16:23
663,126180,1209,4.0,1514686585,2017-12-31 02:16:25
664,47280,2858,3.5,1514686588,2017-12-31 02:16:28
665,126180,71464,3.5,1514686589,2017-12-31 02:16:29
666,226621,162592,2.5,1514686589,2017-12-31 02:16:29
667,47280,110,2.0,1514686596,2017-12-31 02:16:36
668,126180,91976,3.5,1514686605,2017-12-31 02:16:45
669,126180,103980,4.5,1514686607,2017-12-31 02:16:47
670,39986,1345,3.5,1514686611,2017-12-31 02:16:51
671,47280,6377,4.0,1514686612,2017-12-31 02:16:52
672,126180,6979,2.5,1514686615,2017-12-31 02:16:55
673,39986,175303,4.0,1514686615,2017-12-31 02:16:55
674,47280,1997,4.0,1514686618,2017-12-31 02:16:58
675,39986,26693,4.5,1514686624,2017-12-31 02:17:04
676,47280,1090,4.0,1514686624,2017-12-31 02:17:04
677,126180,45728,3.0,1514686626,2017-12-31 02:17:06
678,39986,2517,3.5,1514686643,2017-12-31 02:17:23
679,47280,2908,5.0,1514686645,2017-12-31 02:17:25
680,47280,31658,5.0,1514686676,2017-12-31 02:17:56
681,47280,5618,5.0,1514686683,2017-12-31 02:18:03
682,126180,6787,4.0,1514686692,2017-12-31 02:18:12
683,47280,61240,5.0,1514686707,2017-12-31 02:18:27
684,236613,318,5.0,1514686708,2017-12-31 02:18:28
685,126180,64620,4.0,1514686710,2017-12-31 02:18:30
686,39986,4036,3.5,1514686713,2017-12-31 02:18:33
687,39986,1348,4.0,1514686719,2017-12-31 02:18:39
688,126180,1358,4.5,1514686721,2017-12-31 02:18:41
689,47280,4553,3.5,1514686728,2017-12-31 02:18:48
690,126180,47629,3.5,1514686729,2017-12-31 02:18:49
691,39986,2648,4.0,1514686737,2017-12-31 02:18:57
692,126180,55805,3.5,1514686761,2017-12-31 02:19:21
693,48961,170945,4.5,1514686766,2017-12-31 02:19:26
694,126180,2579,4.5,1514686768,2017-12-31 02:19:28
695,47280,175659,4.0,1514686772,2017-12-31 02:19:32
696,126180,93790,4.5,1514686775,2017-12-31 02:19:35
697,126180,58301,4.0,1514686778,2017-12-31 02:19:38
698,47280,3000,4.0,1514686785,2017-12-31 02:19:45
699,47280,2115,2.5,1514686793,2017-12-31 02:19:53
700,126180,2318,4.5,1514686795,2017-12-31 02:19:55
701,47280,541,4.5,1514686796,2017-12-31 02:19:56
702,47280,1197,4.0,1514686804,2017-12-31 02:20:04
703,47280,1136,4.5,1514686809,2017-12-31 02:20:09
704,47280,182825,3.5,1514686826,2017-12-31 02:20:26
705,47280,182749,0.5,1514686836,2017-12-31 02:20:36
706,126180,6975,4.0,1514686839,2017-12-31 02:20:39
707,126180,87298,3.5,1514686850,2017-12-31 02:20:50
708,47280,180297,3.5,1514686853,2017-12-31 02:20:53
709,126180,143969,4.5,1514686865,2017-12-31 02:21:05
710,39986,5784,3.0,1514686865,2017-12-31 02:21:05
711,47280,177593,5.0,1514686875,2017-12-31 02:21:15
712,39986,4876,3.0,1514686882,2017-12-31 02:21:22
713,39986,33164,2.5,1514686884,2017-12-31 02:21:24
714,126180,319,3.5,1514686888,2017-12-31 02:21:28
715,47280,168492,5.0,1514686896,2017-12-31 02:21:36
716,126180,129514,4.0,1514686900,2017-12-31 02:21:40
717,47280,4027,4.0,1514686920,2017-12-31 02:22:00
718,47280,86332,2.0,1514686932,2017-12-31 02:22:12
719,47280,106487,2.0,1514686934,2017-12-31 02:22:14
720,47280,79702,4.5,1514686938,2017-12-31 02:22:18
721,47280,88129,3.5,1514686942,2017-12-31 02:22:22
722,170229,158238,4.0,1514686967,2017-12-31 02:22:47
723,126180,501,4.0,1514686973,2017-12-31 02:22:53
724,47280,94959,5.0,1514686977,2017-12-31 02:22:57
725,170229,44191,4.5,1514686978,2017-12-31 02:22:58
726,39986,27434,2.0,1514686979,2017-12-31 02:22:59
727,170229,84152,4.5,1514686984,2017-12-31 02:23:04
728,47280,86882,5.0,1514686985,2017-12-31 02:23:05
729,47280,102445,2.0,1514686992,2017-12-31 02:23:12
730,170229,168252,3.5,1514686994,2017-12-31 02:23:14
731,47280,106489,2.0,1514686996,2017-12-31 02:23:16
732,170229,81591,4.5,1514686997,2017-12-31 02:23:17
733,47280,106696,2.5,1514687000,2017-12-31 02:23:20
734,47280,80549,4.0,1514687007,2017-12-31 02:23:27
735,126180,1295,2.5,1514687013,2017-12-31 02:23:33
736,47280,81932,4.0,1514687024,2017-12-31 02:23:44
737,170229,88129,4.0,1514687026,2017-12-31 02:23:46
738,39986,5679,3.0,1514687026,2017-12-31 02:23:46
739,47280,103253,1.5,1514687032,2017-12-31 02:23:52
740,47280,90866,4.5,1514687038,2017-12-31 02:23:58
741,47280,102407,2.5,1514687044,2017-12-31 02:24:04
742,47280,105504,1.0,1514687050,2017-12-31 02:24:10
743,39986,2710,3.5,1514687062,2017-12-31 02:24:22
744,47280,91077,4.0,1514687072,2017-12-31 02:24:32
745,47280,89904,5.0,1514687077,2017-12-31 02:24:37
746,47280,86190,4.0,1514687080,2017-12-31 02:24:40
747,47280,98154,3.0,1514687086,2017-12-31 02:24:46
748,39986,114713,2.5,1514687095,2017-12-31 02:24:55
749,47280,103688,4.0,1514687095,2017-12-31 02:24:55
750,47280,77866,1.5,1514687099,2017-12-31 02:24:59
751,47280,94677,0.5,1514687112,2017-12-31 02:25:12
752,47280,78209,1.0,1514687121,2017-12-31 02:25:21
753,47280,99149,3.5,1514687125,2017-12-31 02:25:25
754,47280,103980,4.5,1514687137,2017-12-31 02:25:37
755,47280,89759,5.0,1514687152,2017-12-31 02:25:52
756,126180,106920,4.5,1514687187,2017-12-31 02:26:27
757,126180,112183,4.5,1514687188,2017-12-31 02:26:28
758,126180,5618,4.5,1514687191,2017-12-31 02:26:31
759,126180,68237,4.5,1514687192,2017-12-31 02:26:32
760,126180,1208,5.0,1514687198,2017-12-31 02:26:38
762,47280,105355,4.0,1514687200,2017-12-31 02:26:40
761,126180,115569,4.0,1514687200,2017-12-31 02:26:40
763,126180,541,4.5,1514687202,2017-12-31 02:26:42
764,126180,64839,4.5,1514687205,2017-12-31 02:26:45
765,126180,1221,4.5,1514687208,2017-12-31 02:26:48
766,170229,103539,4.5,1514687212,2017-12-31 02:26:52
767,47280,106642,4.0,1514687215,2017-12-31 02:26:55
768,47280,80831,1.0,1514687233,2017-12-31 02:27:13
769,47280,87234,3.5,1514687240,2017-12-31 02:27:20
770,126180,86882,4.5,1514687247,2017-12-31 02:27:27
771,126180,100714,4.0,1514687256,2017-12-31 02:27:36
772,126180,924,5.0,1514687257,2017-12-31 02:27:37
773,47280,104283,3.0,1514687261,2017-12-31 02:27:41
774,128161,177615,4.0,1514687262,2017-12-31 02:27:42
775,126180,2951,4.0,1514687264,2017-12-31 02:27:44
776,47280,106441,4.0,1514687264,2017-12-31 02:27:44
777,126180,111,4.5,1514687267,2017-12-31 02:27:47
778,182302,159717,4.5,1514687268,2017-12-31 02:27:48
779,126180,57669,4.0,1514687270,2017-12-31 02:27:50
780,126180,4855,4.5,1514687272,2017-12-31 02:27:52
781,47280,103235,5.0,1514687298,2017-12-31 02:28:18
782,228923,176101,4.0,1514687331,2017-12-31 02:28:51
783,147014,142488,4.0,1514687391,2017-12-31 02:29:51
784,126180,923,4.0,1514687407,2017-12-31 02:30:07
785,126180,1222,4.5,1514687417,2017-12-31 02:30:17
786,47280,93855,4.0,1514687426,2017-12-31 02:30:26
787,126180,1252,4.0,1514687431,2017-12-31 02:30:31
788,47280,101739,3.0,1514687439,2017-12-31 02:30:39
789,126180,1206,4.5,1514687445,2017-12-31 02:30:45
790,126180,88129,4.0,1514687447,2017-12-31 02:30:47
791,47280,110591,3.5,1514687447,2017-12-31 02:30:47
792,126180,1136,4.5,1514687449,2017-12-31 02:30:49
793,47280,105593,4.0,1514687452,2017-12-31 02:30:52
794,47280,90719,4.0,1514687454,2017-12-31 02:30:54
795,126180,54503,4.0,1514687456,2017-12-31 02:30:56
796,126180,89864,4.0,1514687460,2017-12-31 02:31:00
797,126180,4235,4.5,1514687461,2017-12-31 02:31:01
798,126180,102407,4.0,1514687463,2017-12-31 02:31:03
799,126180,55820,4.0,1514687465,2017-12-31 02:31:05
800,47280,95201,4.5,1514687467,2017-12-31 02:31:07
801,126180,30749,3.0,1514687470,2017-12-31 02:31:10
802,126180,1228,5.0,1514687471,2017-12-31 02:31:11
803,126180,3681,4.5,1514687478,2017-12-31 02:31:18
804,47280,103137,2.0,1514687484,2017-12-31 02:31:24
805,126180,112290,5.0,1514687492,2017-12-31 02:31:32
806,126180,8950,3.5,1514687502,2017-12-31 02:31:42
807,126180,1288,3.5,1514687506,2017-12-31 02:31:46
808,126180,1080,4.5,1514687514,2017-12-31 02:31:54
809,47280,91134,3.0,1514687515,2017-12-31 02:31:55
810,126180,2997,3.5,1514687519,2017-12-31 02:31:59
811,39986,102245,4.0,1514687519,2017-12-31 02:31:59
812,126180,223,4.0,1514687521,2017-12-31 02:32:01
813,47280,85796,2.5,1514687526,2017-12-31 02:32:06
814,47280,103801,3.0,1514687535,2017-12-31 02:32:15
815,126180,105844,4.0,1514687543,2017-12-31 02:32:23
816,47280,83976,3.5,1514687547,2017-12-31 02:32:27
817,126180,2712,3.5,1514687551,2017-12-31 02:32:31
818,126180,47,4.0,1514687562,2017-12-31 02:32:42
819,126180,4226,4.0,1514687564,2017-12-31 02:32:44
820,126180,1387,3.5,1514687568,2017-12-31 02:32:48
821,126180,1225,4.5,1514687571,2017-12-31 02:32:51
822,185736,174055,4.5,1514687578,2017-12-31 02:32:58
823,126180,4973,4.0,1514687592,2017-12-31 02:33:12
824,126180,81845,3.5,1514687597,2017-12-31 02:33:17
825,11109,555,1.0,1514687603,2017-12-31 02:33:23
826,126180,90057,4.0,1514687605,2017-12-31 02:33:25
827,126180,51540,3.5,1514687627,2017-12-31 02:33:47
828,126180,4027,4.0,1514687630,2017-12-31 02:33:50
829,126180,68157,4.0,1514687636,2017-12-31 02:33:56
830,126180,8042,3.5,1514687641,2017-12-31 02:34:01
831,126180,139385,4.0,1514687644,2017-12-31 02:34:04
832,47280,120807,3.5,1514687644,2017-12-31 02:34:04
833,126180,55363,4.5,1514687648,2017-12-31 02:34:08
834,47280,100106,4.0,1514687661,2017-12-31 02:34:21
835,126180,51255,4.0,1514687664,2017-12-31 02:34:24
836,47280,81786,4.5,1514687688,2017-12-31 02:34:48
837,39986,134170,3.5,1514687690,2017-12-31 02:34:50
838,47280,90809,5.0,1514687698,2017-12-31 02:34:58
839,126180,82459,4.0,1514687700,2017-12-31 02:35:00
840,126180,61132,4.5,1514687707,2017-12-31 02:35:07
841,29560,70946,1.0,1514687731,2017-12-31 02:35:31
842,117682,215,4.5,1514687814,2017-12-31 02:36:54
843,47280,147374,4.0,1514687816,2017-12-31 02:36:56
844,29560,139385,3.5,1514687833,2017-12-31 02:37:13
845,235161,1204,3.5,1514687843,2017-12-31 02:37:23
846,47280,4144,5.0,1514687849,2017-12-31 02:37:29
847,47280,96821,4.0,1514687862,2017-12-31 02:37:42
848,233,2502,4.0,1514687867,2017-12-31 02:37:47
849,47280,356,5.0,1514687876,2017-12-31 02:37:56
850,233,4022,4.0,1514687881,2017-12-31 02:38:01
851,233,318,3.5,1514687889,2017-12-31 02:38:09
852,233,46578,3.5,1514687892,2017-12-31 02:38:12
853,117682,156605,4.5,1514687894,2017-12-31 02:38:14
854,117682,4979,3.5,1514687903,2017-12-31 02:38:23
855,233,1089,4.5,1514687907,2017-12-31 02:38:27
856,233,6016,4.0,1514687912,2017-12-31 02:38:32
857,233,5995,4.0,1514687914,2017-12-31 02:38:34
858,233,106782,4.5,1514687918,2017-12-31 02:38:38
859,117682,171011,4.0,1514687919,2017-12-31 02:38:39
860,233,7361,4.0,1514687921,2017-12-31 02:38:41
861,47280,6350,4.0,1514687923,2017-12-31 02:38:43
862,233,48780,4.0,1514687928,2017-12-31 02:38:48
863,117682,2427,4.0,1514687930,2017-12-31 02:38:50
864,47280,109374,5.0,1514687943,2017-12-31 02:39:03
865,47280,60950,4.0,1514687971,2017-12-31 02:39:31
866,47280,913,5.0,1514687975,2017-12-31 02:39:35
867,117682,170705,4.0,1514687976,2017-12-31 02:39:36
868,117682,159817,4.0,1514687997,2017-12-31 02:39:57
869,47280,1237,5.0,1514688041,2017-12-31 02:40:41
870,59738,176933,3.5,1514688045,2017-12-31 02:40:45
871,47280,1884,4.0,1514688047,2017-12-31 02:40:47
872,47280,1283,4.5,1514688074,2017-12-31 02:41:14
873,219557,162578,4.0,1514688082,2017-12-31 02:41:22
874,47280,1201,3.0,1514688084,2017-12-31 02:41:24
875,47280,1203,4.0,1514688091,2017-12-31 02:41:31
876,47280,1265,3.0,1514688099,2017-12-31 02:41:39
877,47280,1220,3.0,1514688112,2017-12-31 02:41:52
879,47280,55820,4.0,1514688114,2017-12-31 02:41:54
878,117682,5225,3.5,1514688114,2017-12-31 02:41:54
880,47280,30810,5.0,1514688131,2017-12-31 02:42:11
881,47280,7099,4.5,1514688139,2017-12-31 02:42:19
882,47280,1230,5.0,1514688145,2017-12-31 02:42:25
883,235161,174815,3.0,1514688147,2017-12-31 02:42:27
884,47280,122882,4.5,1514688148,2017-12-31 02:42:28
885,47280,113225,3.0,1514688159,2017-12-31 02:42:39
886,47280,56782,4.5,1514688165,2017-12-31 02:42:45
887,47280,69757,3.0,1514688177,2017-12-31 02:42:57
888,235161,168610,1.5,1514688180,2017-12-31 02:43:00
889,47280,1080,4.0,1514688180,2017-12-31 02:43:00
890,233,84152,4.0,1514688194,2017-12-31 02:43:14
891,235161,175667,4.5,1514688200,2017-12-31 02:43:20
892,47280,6711,5.0,1514688202,2017-12-31 02:43:22
893,47280,64839,4.5,1514688206,2017-12-31 02:43:26
894,47280,30707,5.0,1514688211,2017-12-31 02:43:31
895,233,91500,3.5,1514688216,2017-12-31 02:43:36
896,117682,34542,4.0,1514688222,2017-12-31 02:43:42
897,233,47099,4.5,1514688224,2017-12-31 02:43:44
898,47280,69481,1.0,1514688230,2017-12-31 02:43:50
899,47280,7361,4.0,1514688236,2017-12-31 02:43:56
900,47280,106782,3.0,1514688242,2017-12-31 02:44:02
901,47280,6807,5.0,1514688255,2017-12-31 02:44:15
902,47280,71579,4.0,1514688260,2017-12-31 02:44:20
903,66236,8982,4.0,1514688260,2017-12-31 02:44:20
904,47280,73023,4.0,1514688266,2017-12-31 02:44:26
905,47280,2712,5.0,1514688270,2017-12-31 02:44:30
906,233,1704,4.5,1514688278,2017-12-31 02:44:38
907,117682,148881,4.5,1514688284,2017-12-31 02:44:44
908,117682,80906,3.5,1514688292,2017-12-31 02:44:52
909,117682,6440,3.0,1514688307,2017-12-31 02:45:07
910,117682,1183,4.0,1514688312,2017-12-31 02:45:12
911,233,31685,2.5,1514688316,2017-12-31 02:45:16
912,117682,60766,4.0,1514688317,2017-12-31 02:45:17
913,233,56174,4.5,1514688319,2017-12-31 02:45:19
914,117682,36276,4.5,1514688332,2017-12-31 02:45:32
915,117682,174053,4.0,1514688336,2017-12-31 02:45:36
916,47280,1278,4.5,1514688341,2017-12-31 02:45:41
917,47280,1262,4.5,1514688344,2017-12-31 02:45:44
918,47280,5060,4.0,1514688347,2017-12-31 02:45:47
919,117682,1095,5.0,1514688354,2017-12-31 02:45:54
920,47280,63082,3.0,1514688363,2017-12-31 02:46:03
921,117682,99764,5.0,1514688367,2017-12-31 02:46:07
922,117682,42418,4.5,1514688375,2017-12-31 02:46:15
923,117682,6975,4.0,1514688377,2017-12-31 02:46:17
924,267989,6281,3.5,1514688377,2017-12-31 02:46:17
925,235161,168492,5.0,1514688381,2017-12-31 02:46:21
926,47280,139385,2.5,1514688386,2017-12-31 02:46:26
927,233,116797,4.0,1514688387,2017-12-31 02:46:27
928,117682,123,4.5,1514688397,2017-12-31 02:46:37
929,47280,2791,5.0,1514688405,2017-12-31 02:46:45
930,47280,2406,4.5,1514688407,2017-12-31 02:46:47
931,117682,108709,5.0,1514688417,2017-12-31 02:46:57
932,117682,5269,4.5,1514688424,2017-12-31 02:47:04
933,47280,112556,4.0,1514688429,2017-12-31 02:47:09
934,47280,162414,5.0,1514688437,2017-12-31 02:47:17
935,117682,172591,4.0,1514688439,2017-12-31 02:47:19
936,47280,3462,5.0,1514688467,2017-12-31 02:47:47
937,117682,27266,3.5,1514688507,2017-12-31 02:48:27
938,47280,72226,3.5,1514688509,2017-12-31 02:48:29
939,117682,1272,4.5,1514688533,2017-12-31 02:48:53
940,117682,501,3.5,1514688550,2017-12-31 02:49:10
941,191743,143355,3.0,1514688559,2017-12-31 02:49:19
942,191743,171763,3.0,1514688569,2017-12-31 02:49:29
943,117682,81819,3.5,1514688574,2017-12-31 02:49:34
944,191743,122926,2.5,1514688574,2017-12-31 02:49:34
945,191743,174055,4.0,1514688577,2017-12-31 02:49:37
946,117682,7925,3.5,1514688589,2017-12-31 02:49:49
947,134596,1754,3.5,1514688594,2017-12-31 02:49:54
948,205693,143355,5.0,1514688617,2017-12-31 02:50:17
949,191743,173145,3.0,1514688620,2017-12-31 02:50:20
950,117682,156371,4.5,1514688631,2017-12-31 02:50:31
951,47280,1244,3.5,1514688638,2017-12-31 02:50:38
952,117682,170355,3.5,1514688641,2017-12-31 02:50:41
953,191743,175569,3.0,1514688645,2017-12-31 02:50:45
954,117682,26729,3.5,1514688656,2017-12-31 02:50:56
955,191743,176751,3.5,1514688678,2017-12-31 02:51:18
956,191743,176933,3.5,1514688741,2017-12-31 02:52:21
957,117682,7419,4.5,1514688749,2017-12-31 02:52:29
958,47280,74458,4.0,1514688761,2017-12-31 02:52:41
959,47280,70286,4.0,1514688763,2017-12-31 02:52:43
960,47280,68157,4.0,1514688765,2017-12-31 02:52:45
961,47280,72998,3.0,1514688771,2017-12-31 02:52:51
962,47280,79132,3.5,1514688774,2017-12-31 02:52:54
963,47280,99114,3.5,1514688778,2017-12-31 02:52:58
964,117682,91077,4.0,1514688793,2017-12-31 02:53:13
965,47280,91529,2.0,1514688793,2017-12-31 02:53:13
966,239798,84152,3.5,1514688802,2017-12-31 02:53:22
967,117682,1859,4.5,1514688835,2017-12-31 02:53:55
968,117682,90947,4.5,1514688868,2017-12-31 02:54:28
969,117682,169906,4.5,1514688879,2017-12-31 02:54:39
970,94849,2797,4.0,1514688884,2017-12-31 02:54:44
971,47280,1212,5.0,1514689068,2017-12-31 02:57:48
972,239798,53322,4.0,1514689071,2017-12-31 02:57:51
973,47280,4914,5.0,1514689107,2017-12-31 02:58:27
974,104322,182823,3.5,1514689141,2017-12-31 02:59:01
975,104322,7458,2.0,1514689149,2017-12-31 02:59:09
976,47280,6184,5.0,1514689230,2017-12-31 03:00:30
977,47280,26476,5.0,1514689350,2017-12-31 03:02:30
978,47280,3550,5.0,1514689391,2017-12-31 03:03:11
979,47280,86762,4.0,1514689414,2017-12-31 03:03:34
980,47280,2730,5.0,1514689442,2017-12-31 03:04:02
981,47280,64575,5.0,1514689457,2017-12-31 03:04:17
982,47280,3671,5.0,1514689469,2017-12-31 03:04:29
983,47280,3204,4.0,1514689485,2017-12-31 03:04:45
984,2294,1653,3.5,1514689495,2017-12-31 03:04:55
985,47280,64620,4.5,1514689500,2017-12-31 03:05:00
986,2294,8936,4.0,1514689521,2017-12-31 03:05:21
987,47280,103059,5.0,1514689525,2017-12-31 03:05:25
988,2294,40833,4.0,1514689559,2017-12-31 03:05:59
989,47280,94837,4.5,1514689562,2017-12-31 03:06:02
990,47280,57669,4.5,1514689582,2017-12-31 03:06:22
991,47280,160644,4.5,1514689596,2017-12-31 03:06:36
992,47280,2528,5.0,1514689612,2017-12-31 03:06:52
993,207613,318,4.0,1514689623,2017-12-31 03:07:03
994,207613,858,4.5,1514689626,2017-12-31 03:07:06
996,47280,2686,3.0,1514689633,2017-12-31 03:07:13
995,207613,50,4.5,1514689633,2017-12-31 03:07:13
997,207613,593,4.0,1514689637,2017-12-31 03:07:17
998,47280,1103,3.0,1514689646,2017-12-31 03:07:26
999,207613,2959,3.5,1514689654,2017-12-31 03:07:34
